<!-- [ Mirror metadata ] generatedAt: 1478572855811 -->
<!-- Generated screen file. Fill the id tags below with content with
which to populate your previewed layout. For a complete specification
of sample data, please see http://jimulabs.com/sample-data-specifications/ 

Valid attributes on <screen> tag: theme="@style/someTheme" inEditMode="false" overlay="@drawable/mockup" -->
<screen>
    <_content layout="@layout/article_item">
        <!-- ImageView Examples:
        <article_pic src="@drawable/image_resource" />
        <article_pic src="relative_path/image.jpg" /> -->
        <article_pic />
        <!-- TextView Examples:
        <article_name text="@string/string_resource" />
        <article_name text="Text literal" textSize="14sp" /> -->
        <article_name />
        <article_content />
        <article_author />
        <article_create_time />
        <article_likesCount />
        <article_commentsCount />
    </_content>
</screen>
