<!-- [ Mirror metadata ] generatedAt: 1478572855814 -->
<!-- Generated screen file. Fill the id tags below with content with
which to populate your previewed layout. For a complete specification
of sample data, please see http://jimulabs.com/sample-data-specifications/ 

Valid attributes on <screen> tag: theme="@style/someTheme" inEditMode="false" overlay="@drawable/mockup" -->
<screen>
    <_content layout="@layout/zhuanlan_info">
        <!-- ImageView Examples:
        <zl_avatar_image src="@drawable/image_resource" />
        <zl_avatar_image src="relative_path/image.jpg" /> -->
        <zl_avatar_image />
        <!-- TextView Examples:
        <zl_zhuanlan_name text="@string/string_resource" />
        <zl_zhuanlan_name text="Text literal" textSize="14sp" /> -->
        <zl_zhuanlan_name />
        <zl_zhuanlan_intro />
        <zl_follow_counts />
    </_content>
</screen>
